Subject,StartTime,EndTime,Condition,Code,Duration
1997,2021-10-08 10:45:35am,2021-10-08 10:57:47am,neutral,35169445,12.2
2002,2022-01-22 04:50:52pm,2022-01-22 04:55:22pm,neutral,49549637,4.5
2003,2022-01-22 05:06:01pm,2022-01-22 05:10:28pm,neutral,43295359,4.45
2004,2022-01-22 05:15:08pm,2022-01-22 05:16:51pm,neutral,00292859,1.7166666666667
2005,2022-02-01 07:22:38pm,2022-02-01 07:24:25pm,neutral,05961166,1.7833333333333
2024,2022-02-04 05:44:03am,2022-02-04 05:52:04am,neutral,92756983,8.0166666666667
2037,2022-02-04 05:46:00am,2022-02-04 05:52:42am,neutral,58602239,6.7
2061,2022-02-04 05:47:06am,2022-02-04 05:52:45am,neutral,37770980,5.65
2072,2022-02-04 05:47:20am,2022-02-04 05:53:10am,neutral,57046920,5.8333333333333
2079,2022-02-04 05:47:48am,2022-02-04 05:53:16am,neutral,28131625,5.4666666666667
2029,2022-02-04 05:45:27am,2022-02-04 05:53:43am,neutral,69549393,8.2666666666667
2048,2022-02-04 05:46:24am,2022-02-04 05:53:56am,neutral,93702690,7.5333333333333
2086,2022-02-04 05:48:43am,2022-02-04 05:54:06am,neutral,01393095,5.3833333333333
2103,2022-02-04 05:50:09am,2022-02-04 05:54:06am,neutral,17655779,3.95
2006,2022-02-04 05:43:58am,2022-02-04 05:54:29am,neutral,34666729,10.516666666667
2010,2022-02-04 05:44:09am,2022-02-04 05:54:40am,neutral,78589030,10.516666666667
2098,2022-02-04 05:49:34am,2022-02-04 05:54:42am,neutral,47595244,5.1333333333333
2009,2022-02-04 05:44:01am,2022-02-04 05:54:54am,neutral,24985994,10.883333333333
2030,2022-02-04 05:45:10am,2022-02-04 05:55:15am,neutral,82588880,10.083333333333
2090,2022-02-04 05:49:11am,2022-02-04 05:55:20am,neutral,82171858,6.15
2046,2022-02-04 05:46:23am,2022-02-04 05:55:38am,neutral,29419388,9.25
2052,2022-02-04 05:46:58am,2022-02-04 05:55:54am,neutral,06327146,8.9333333333333
2081,2022-02-04 05:48:30am,2022-02-04 05:55:55am,neutral,16447420,7.4166666666667
2011,2022-02-04 05:44:13am,2022-02-04 05:56:15am,neutral,67246622,12.033333333333
2053,2022-02-04 05:46:01am,2022-02-04 05:56:34am,neutral,47510659,10.55
2019,2022-02-04 05:44:24am,2022-02-04 05:56:34am,neutral,85504536,12.166666666667
2107,2022-02-04 05:50:39am,2022-02-04 05:56:37am,neutral,29539475,5.9666666666667
2114,2022-02-04 05:51:37am,2022-02-04 05:56:40am,neutral,43805444,5.05
2108,2022-02-04 05:50:11am,2022-02-04 05:57:01am,neutral,45154391,6.8333333333333
2060,2022-02-04 05:46:31am,2022-02-04 05:57:07am,neutral,97036841,10.6
2096,2022-02-04 05:49:35am,2022-02-04 05:57:13am,neutral,47926095,7.6333333333333
2015,2022-02-04 05:44:47am,2022-02-04 05:57:22am,neutral,85323005,12.583333333333
2135,2022-02-04 05:52:03am,2022-02-04 05:58:00am,neutral,13357610,5.95
2076,2022-02-04 05:48:21am,2022-02-04 05:58:14am,neutral,11249682,9.8833333333333009
2067,2022-02-04 05:44:37am,2022-02-04 05:58:26am,neutral,75973126,13.816666666667
2018,2022-02-04 05:44:51am,2022-02-04 05:58:35am,neutral,47478607,13.733333333333
2035,2022-02-04 05:45:52am,2022-02-04 05:58:45am,neutral,11482089,12.883333333333
2130,2022-02-04 05:52:16am,2022-02-04 05:58:59am,neutral,34574917,6.7166666666667
2078,2022-02-04 05:48:02am,2022-02-04 05:59:02am,neutral,11035433,11
2157,2022-02-04 05:54:39am,2022-02-04 05:59:21am,neutral,30032281,4.7
2112,2022-02-04 05:51:31am,2022-02-04 05:59:36am,neutral,20226507,8.0833333333333
2023,2022-02-04 05:44:41am,2022-02-04 05:59:46am,neutral,80919578,15.083333333333
2099,2022-02-04 05:48:24am,2022-02-04 05:59:59am,neutral,80291671,11.583333333333
2134,2022-02-04 05:52:59am,2022-02-04 06:00:01am,neutral,18368618,7.0333333333333
2093,2022-02-04 05:47:27am,2022-02-04 06:00:09am,neutral,97282135,12.7
2158,2022-02-04 05:48:54am,2022-02-04 06:01:12am,neutral,39699567,12.3
2110,2022-02-04 05:50:52am,2022-02-04 06:01:15am,neutral,28965020,10.383333333333
2133,2022-02-04 05:52:06am,2022-02-04 06:01:22am,neutral,12891764,9.2666666666667
2167,2022-02-04 05:55:21am,2022-02-04 06:01:50am,neutral,81377452,6.4833333333333
2166,2022-02-04 05:55:24am,2022-02-04 06:02:05am,neutral,54579130,6.6833333333333
2149,2022-02-04 05:52:37am,2022-02-04 06:03:00am,neutral,58282141,10.383333333333
2126,2022-02-04 05:52:23am,2022-02-04 06:03:14am,neutral,50969545,10.85
2176,2022-02-04 05:55:16am,2022-02-04 06:03:15am,neutral,07877049,7.9833333333333
2190,2022-02-04 05:58:22am,2022-02-04 06:03:15am,neutral,25488706,4.8833333333333
2083,2022-02-04 05:44:05am,2022-02-04 06:03:29am,neutral,22792629,19.4
2144,2022-02-04 05:53:34am,2022-02-04 06:03:43am,neutral,32357901,10.15
2073,2022-02-04 05:46:56am,2022-02-04 06:03:55am,neutral,78878327,16.983333333333
2181,NA,2022-02-04 06:03:57am,neutral,01545362,27399723.95
2168,2022-02-04 05:55:18am,2022-02-04 06:04:10am,neutral,99872003,8.8666666666667
2132,2022-02-04 05:52:35am,2022-02-04 06:04:17am,neutral,99041008,11.7
2155,2022-02-04 05:54:29am,2022-02-04 06:04:17am,neutral,03310151,9.8
2138,2022-02-04 05:46:04am,2022-02-04 06:04:23am,neutral,22388151,18.316666666667
2162,2022-02-04 05:54:54am,2022-02-04 06:04:54am,neutral,33373103,10
2109,2022-02-04 05:48:29am,2022-02-04 06:05:05am,neutral,70917974,16.6
2153,2022-02-04 05:53:50am,2022-02-04 06:05:18am,neutral,93772026,11.466666666667
2113,2022-02-04 05:49:59am,2022-02-04 06:05:34am,neutral,33340109,15.583333333333
2069,2022-02-04 05:46:12am,2022-02-04 06:05:41am,neutral,73404652,19.483333333333
2175,2022-02-04 05:56:28am,2022-02-04 06:06:14am,neutral,72740561,9.7666666666667
2021,2022-02-04 05:43:53am,2022-02-04 06:06:21am,neutral,40000925,22.466666666667
2056,2022-02-04 05:46:00am,2022-02-04 06:06:24am,neutral,88803347,20.4
2154,2022-02-04 05:53:43am,2022-02-04 06:06:33am,neutral,77711804,12.833333333333
2192,2022-02-04 05:58:39am,2022-02-04 06:06:55am,neutral,51436926,8.2666666666667
2013,2022-02-04 05:44:29am,2022-02-04 06:07:07am,neutral,02325531,22.633333333333
2070,2022-02-04 05:47:03am,2022-02-04 06:07:21am,neutral,52586340,20.3
2127,2022-02-04 05:52:22am,2022-02-04 06:07:35am,neutral,06417057,15.216666666667
2022,2022-02-04 05:44:52am,2022-02-04 06:07:40am,neutral,46408587,22.8
2213,2022-02-04 06:03:16am,2022-02-04 06:07:45am,neutral,40604913,4.4833333333333
2174,2022-02-04 05:55:09am,2022-02-04 06:07:51am,neutral,66767355,12.7
2129,2022-02-04 05:52:26am,2022-02-04 06:08:14am,neutral,20665038,15.8
2071,2022-02-04 05:46:23am,2022-02-04 06:08:37am,neutral,25314288,22.233333333333
2150,2022-02-04 05:52:18am,2022-02-04 06:08:41am,neutral,88646531,16.383333333333
2077,2022-02-04 05:47:49am,2022-02-04 06:08:49am,neutral,47863298,21
2230,2022-02-04 06:06:42am,2022-02-04 06:08:58am,neutral,48628834,2.2666666666667
2196,2022-02-04 05:59:23am,2022-02-04 06:09:11am,neutral,89660862,9.8
2177,2022-02-04 05:56:58am,2022-02-04 06:09:31am,neutral,31213356,12.55
2201,2022-02-04 06:00:38am,2022-02-04 06:09:34am,neutral,02140438,8.9333333333333
2223,2022-02-04 05:57:36am,2022-02-04 06:09:47am,neutral,52555567,12.183333333333
2041,2022-02-04 05:45:31am,2022-02-04 06:09:52am,neutral,37171225,24.35
2212,2022-02-04 06:03:12am,2022-02-04 06:11:33am,neutral,70245123,8.35
2172,2022-02-04 05:55:32am,2022-02-04 06:11:47am,neutral,30161984,16.25
2220,2022-02-04 06:04:37am,2022-02-04 06:12:06am,neutral,94329476,7.4833333333333
2188,2022-02-04 05:56:15am,2022-02-04 06:12:13am,neutral,30920315,15.966666666667
2106,2022-02-04 05:50:04am,2022-02-04 06:12:23am,neutral,27121944,22.316666666667
2242,2022-02-04 06:07:32am,2022-02-04 06:12:38am,neutral,04558374,5.1
2214,2022-02-04 06:03:24am,2022-02-04 06:12:40am,neutral,17857241,9.2666666666667
2203,2022-02-04 06:00:43am,2022-02-04 06:12:48am,neutral,61626779,12.083333333333
2146,2022-02-04 05:53:18am,2022-02-04 06:12:48am,neutral,87859011,19.5
2239,2022-02-04 06:08:55am,2022-02-04 06:13:25am,neutral,06632794,4.5
2121,2022-02-04 05:50:48am,2022-02-04 06:13:31am,neutral,34418465,22.716666666667
2237,2022-02-04 06:08:22am,2022-02-04 06:13:31am,neutral,42906977,5.15
2194,2022-02-04 05:55:26am,2022-02-04 06:14:03am,neutral,52014420,18.616666666667
2058,2022-02-04 05:46:43am,2022-02-04 06:14:11am,neutral,93895698,27.466666666667
2248,2022-02-04 06:10:16am,2022-02-04 06:14:25am,neutral,40164399,4.15
2111,2022-02-04 05:49:08am,2022-02-04 06:14:27am,neutral,99695406,25.316666666667
2244,2022-02-04 06:09:20am,2022-02-04 06:14:59am,neutral,18263438,5.65
2219,2022-02-04 06:04:01am,2022-02-04 06:15:44am,neutral,99565856,11.716666666667
2152,2022-02-04 05:53:36am,2022-02-04 06:15:54am,neutral,99083777,22.3
2195,2022-02-04 05:58:53am,2022-02-04 06:16:12am,neutral,89678657,17.316666666667
2228,2022-02-04 06:06:31am,2022-02-04 06:16:14am,neutral,55850696,9.7166666666667
2251,2022-02-04 06:10:36am,2022-02-04 06:16:21am,neutral,57933468,5.75
2189,2022-02-04 05:57:11am,2022-02-04 06:16:29am,neutral,18924761,19.3
2269,2022-02-04 06:11:44am,2022-02-04 06:16:36am,neutral,15516102,4.8666666666667
2068,2022-02-04 05:44:55am,2022-02-04 06:16:55am,neutral,75884633,32
2253,2022-02-04 06:10:32am,2022-02-04 06:17:32am,neutral,83272151,7
2266,2022-02-04 06:10:57am,2022-02-04 06:17:50am,neutral,45014291,6.8833333333333
2227,2022-02-04 06:05:50am,2022-02-04 06:17:54am,neutral,65940274,12.066666666667
2202,2022-02-04 06:00:42am,2022-02-04 06:17:59am,neutral,56986976,17.283333333333
2246,2022-02-04 06:09:18am,2022-02-04 06:18:03am,neutral,11054826,8.75
2274,2022-02-04 06:13:51am,2022-02-04 06:18:32am,neutral,46179693,4.6833333333333
2215,2022-02-04 06:03:16am,2022-02-04 06:18:32am,neutral,10918431,15.266666666667
2240,2022-02-04 06:08:56am,2022-02-04 06:18:32am,neutral,22591585,9.6
2205,2022-02-04 06:00:49am,2022-02-04 06:18:48am,neutral,67004152,17.983333333333
2156,2022-02-04 05:53:54am,2022-02-04 06:18:48am,neutral,03174364,24.9
2241,2022-02-04 06:08:33am,2022-02-04 06:20:13am,neutral,54823560,11.666666666667
2262,2022-02-04 06:10:42am,2022-02-04 06:20:22am,neutral,40061527,9.6666666666667
2243,2022-02-04 06:09:03am,2022-02-04 06:21:35am,neutral,27688004,12.533333333333
2252,2022-02-04 06:08:38am,2022-02-04 06:21:46am,neutral,51834570,13.133333333333
2284,2022-02-04 06:15:34am,2022-02-04 06:22:09am,neutral,06135881,6.5833333333333
2294,2022-02-04 06:17:28am,2022-02-04 06:22:19am,neutral,05590121,4.85
2271,2022-02-04 06:12:49am,2022-02-04 06:22:26am,neutral,81957952,9.6166666666667
2297,2022-02-04 06:17:39am,2022-02-04 06:22:40am,neutral,52356418,5.0166666666667
2234,2022-02-04 06:06:27am,2022-02-04 06:22:59am,neutral,44898555,16.533333333333
2059,2022-02-04 05:46:32am,2022-02-04 06:23:00am,neutral,90490799,36.466666666667
2273,2022-02-04 06:10:25am,2022-02-04 06:23:15am,neutral,44971760,12.833333333333
2097,2022-02-04 05:49:18am,2022-02-04 06:23:54am,neutral,63519395,34.6
2292,2022-02-04 06:16:23am,2022-02-04 06:24:00am,neutral,36349655,7.6166666666667
2289,2022-02-04 06:16:02am,2022-02-04 06:24:23am,neutral,41859263,8.35
2310,2022-02-04 06:21:16am,2022-02-04 06:25:17am,neutral,45057918,4.0166666666667
2286,2022-02-04 06:15:09am,2022-02-04 06:26:33am,neutral,68205276,11.4
2290,2022-02-04 06:15:34am,2022-02-04 06:26:39am,neutral,12878493,11.083333333333
2256,2022-02-04 06:04:25am,2022-02-04 06:26:41am,neutral,65351981,22.266666666667
2267,2022-02-04 06:11:33am,2022-02-04 06:26:42am,neutral,63748461,15.15
2315,2022-02-04 06:21:47am,2022-02-04 06:26:44am,neutral,05840040,4.95
2283,2022-02-04 06:15:21am,2022-02-04 06:27:07am,neutral,75385410,11.766666666667
2258,2022-02-04 06:11:04am,2022-02-04 06:27:40am,neutral,45204724,16.6
2296,2022-02-04 06:17:43am,2022-02-04 06:27:42am,neutral,90100898,9.9833333333333
2302,2022-02-04 06:19:33am,2022-02-04 06:27:57am,neutral,02514807,8.4
2299,2022-02-04 06:18:15am,2022-02-04 06:28:45am,neutral,49473752,10.5
2300,2022-02-04 06:18:09am,2022-02-04 06:28:50am,neutral,47376659,10.683333333333
2279,2022-02-04 06:14:40am,2022-02-04 06:29:24am,neutral,32650395,14.733333333333
2275,2022-02-04 06:14:05am,2022-02-04 06:29:42am,neutral,12245049,15.616666666667
2261,2022-02-04 06:10:54am,2022-02-04 06:29:46am,neutral,26847066,18.866666666667
2224,2022-02-04 06:08:17am,2022-02-04 06:29:48am,neutral,54095695,21.516666666667
2331,2022-02-04 06:18:33am,2022-02-04 06:29:57am,neutral,13685975,11.4
2249,2022-02-04 06:10:33am,2022-02-04 06:30:13am,neutral,85137276,19.666666666667
2327,2022-02-04 06:23:18am,2022-02-04 06:31:10am,neutral,57026112,7.8666666666667
2306,2022-02-04 06:20:14am,2022-02-04 06:31:17am,neutral,63088204,11.05
2304,2022-02-04 06:19:31am,2022-02-04 06:31:33am,neutral,56203653,12.033333333333
2238,2022-02-04 06:08:38am,2022-02-04 06:31:38am,neutral,78847928,23
2298,2022-02-04 06:17:40am,2022-02-04 06:32:02am,neutral,52909812,14.366666666667
2328,2022-02-04 06:23:30am,2022-02-04 06:32:38am,neutral,06880729,9.1333333333333009
2311,2022-02-04 06:21:23am,2022-02-04 06:34:15am,neutral,09579871,12.866666666667
2344,2022-02-04 06:22:30am,2022-02-04 06:35:07am,neutral,64570620,12.616666666667
2365,2022-02-04 06:31:21am,2022-02-04 06:35:42am,neutral,22444814,4.35
2348,2022-02-04 06:27:44am,2022-02-04 06:36:13am,neutral,56404442,8.4833333333333
2343,2022-02-04 06:27:03am,2022-02-04 06:36:17am,neutral,32447388,9.2333333333333
2245,2022-02-04 06:08:48am,2022-02-04 06:36:33am,neutral,93778721,27.75
2335,2022-02-04 06:24:10am,2022-02-04 06:36:51am,neutral,06418726,12.683333333333
2324,2022-02-04 06:22:49am,2022-02-04 06:36:57am,neutral,08682328,14.133333333333
2226,2022-02-04 06:05:40am,2022-02-04 06:37:02am,neutral,02774193,31.366666666667
2342,2022-02-04 06:26:27am,2022-02-04 06:37:03am,neutral,16162472,10.6
2340,2022-02-04 06:25:33am,2022-02-04 06:37:05am,neutral,66138211,11.533333333333
2280,2022-02-04 06:14:17am,2022-02-04 06:37:17am,neutral,16049506,23
2345,2022-02-04 06:26:53am,2022-02-04 06:37:30am,neutral,97796930,10.616666666667
2350,2022-02-04 06:27:54am,2022-02-04 06:37:37am,neutral,11523389,9.7166666666667
2369,2022-02-04 06:33:53am,2022-02-04 06:38:19am,neutral,29089942,4.4333333333333
2361,2022-02-04 06:29:57am,2022-02-04 06:38:49am,neutral,50891434,8.8666666666667
2347,2022-02-04 06:27:49am,2022-02-04 06:39:26am,neutral,51362458,11.616666666667
2364,2022-02-04 06:30:08am,2022-02-04 06:39:29am,neutral,84560300,9.35
2378,2022-02-04 06:37:11am,2022-02-04 06:39:32am,neutral,16602997,2.35
2349,2022-02-04 06:27:31am,2022-02-04 06:39:55am,neutral,65499595,12.4
2375,2022-02-04 06:36:14am,2022-02-04 06:41:52am,neutral,03245529,5.6333333333333
2385,2022-02-04 06:39:35am,2022-02-04 06:42:44am,neutral,47875407,3.15
2317,2022-02-04 06:22:03am,2022-02-04 06:42:46am,neutral,96937737,20.716666666667
2355,2022-02-04 06:28:42am,2022-02-04 06:42:57am,neutral,22218681,14.25
2360,2022-02-04 06:29:29am,2022-02-04 06:45:07am,neutral,67515434,15.633333333333
2255,2022-02-04 06:10:34am,2022-02-04 06:46:16am,neutral,16023550,35.7
2379,2022-02-04 06:37:02am,2022-02-04 06:46:36am,neutral,35000387,9.5666666666667
2380,2022-02-04 06:36:19am,2022-02-04 06:46:51am,neutral,37805613,10.533333333333
2386,2022-02-04 06:37:57am,2022-02-04 06:48:14am,neutral,80618219,10.283333333333
2367,2022-02-04 06:32:30am,2022-02-04 06:48:33am,neutral,32637906,16.05
2372,2022-02-04 06:34:54am,2022-02-04 06:48:52am,neutral,97357528,13.966666666667
2376,2022-02-04 06:36:03am,2022-02-04 06:50:26am,neutral,03563696,14.383333333333
2393,2022-02-04 06:41:33am,2022-02-04 06:50:46am,neutral,71520994,9.2166666666667
2276,2022-02-04 06:13:18am,2022-02-04 06:51:29am,neutral,45046284,38.183333333333
2384,2022-02-04 06:38:10am,2022-02-04 06:51:50am,neutral,39801391,13.666666666667
2391,2022-02-04 06:41:31am,2022-02-04 06:51:51am,neutral,38295021,10.333333333333
2353,2022-02-04 06:27:08am,2022-02-04 06:52:31am,neutral,96063592,25.383333333333
2370,2022-02-04 06:33:19am,2022-02-04 06:52:58am,neutral,58437356,19.65
2395,2022-02-04 06:43:28am,2022-02-04 06:53:22am,neutral,97618107,9.9
2390,2022-02-04 06:39:52am,2022-02-04 06:53:33am,neutral,84629668,13.683333333333
2383,2022-02-04 06:38:18am,2022-02-04 06:53:51am,neutral,66818130,15.55
2389,2022-02-04 06:40:09am,2022-02-04 06:54:19am,neutral,05868314,14.166666666667
2394,2022-02-04 06:42:56am,2022-02-04 06:55:56am,neutral,32863743,13
2316,2022-02-04 06:22:10am,2022-02-04 06:56:32am,neutral,23344905,34.366666666667
2417,2022-02-04 06:52:13am,2022-02-04 06:57:29am,neutral,06424688,5.2666666666667
2411,2022-02-04 06:48:55am,2022-02-04 06:58:09am,neutral,38877836,9.2333333333333
2330,2022-02-04 06:23:22am,2022-02-04 06:58:30am,neutral,80198744,35.133333333333
2392,2022-02-04 06:40:48am,2022-02-04 06:59:24am,neutral,84653123,18.6
2424,2022-02-04 06:53:31am,2022-02-04 07:00:20am,neutral,08394213,6.8166666666667
2413,2022-02-04 06:49:08am,2022-02-04 07:00:22am,neutral,41505942,11.233333333333
2432,2022-02-04 06:56:49am,2022-02-04 07:01:57am,neutral,68999218,5.1333333333333
2423,2022-02-04 06:54:20am,2022-02-04 07:02:56am,neutral,06305863,8.6
2399,2022-02-04 06:45:02am,2022-02-04 07:03:49am,neutral,09171984,18.783333333333
2382,2022-02-04 06:37:21am,2022-02-04 07:05:23am,neutral,40115945,28.033333333333
2441,2022-02-04 06:59:34am,2022-02-04 07:05:35am,neutral,93812607,6.0166666666667
2415,2022-02-04 06:50:47am,2022-02-04 07:05:53am,neutral,50346540,15.1
2396,2022-02-04 06:43:35am,2022-02-04 07:07:26am,neutral,92190363,23.85
2435,2022-02-04 06:58:19am,2022-02-04 07:07:32am,neutral,87263046,9.2166666666667
2420,2022-02-04 06:52:55am,2022-02-04 07:08:22am,neutral,13719985,15.45
2429,2022-02-04 06:55:49am,2022-02-04 07:09:05am,neutral,44617628,13.266666666667
2421,2022-02-04 06:53:23am,2022-02-04 07:09:56am,neutral,04870525,16.55
2430,2022-02-04 06:56:19am,2022-02-04 07:12:51am,neutral,98838001,16.533333333333
2448,2022-02-04 07:04:20am,2022-02-04 07:13:39am,neutral,56023803,9.3166666666667
2408,2022-02-04 06:46:56am,2022-02-04 07:14:21am,neutral,27521040,27.416666666667
2460,2022-02-04 07:07:42am,2022-02-04 07:14:40am,neutral,77618385,6.9666666666667
2466,2022-02-04 07:10:36am,2022-02-04 07:16:27am,neutral,03126573,5.85
2472,2022-02-04 07:11:33am,2022-02-04 07:16:53am,neutral,35110201,5.3333333333333
2477,2022-02-04 07:13:42am,2022-02-04 07:17:20am,neutral,88058425,3.6333333333333
2457,2022-02-04 07:04:16am,2022-02-04 07:18:51am,neutral,38860784,14.583333333333
2465,2022-02-04 07:10:02am,2022-02-04 07:19:04am,neutral,18588603,9.0333333333333
2445,2022-02-04 07:03:32am,2022-02-04 07:19:12am,neutral,11100310,15.666666666667
2427,2022-02-04 06:46:08am,2022-02-04 07:20:23am,neutral,62923443,34.25
2388,2022-02-04 06:39:44am,2022-02-04 07:20:47am,neutral,48699839,41.05
2480,2022-02-04 07:14:00am,2022-02-04 07:21:39am,neutral,15386634,7.65
2451,2022-02-04 07:02:56am,2022-02-04 07:22:14am,neutral,86085686,19.3
2485,2022-02-04 07:17:00am,2022-02-04 07:22:18am,neutral,58946012,5.3
2454,2022-02-04 07:06:49am,2022-02-04 07:23:01am,neutral,90833732,16.2
2468,2022-02-04 07:11:07am,2022-02-04 07:25:16am,neutral,94308004,14.15
2434,2022-02-04 06:57:26am,2022-02-04 07:25:33am,neutral,52177400,28.116666666667
2470,2022-02-04 07:11:39am,2022-02-04 07:26:55am,neutral,25088496,15.266666666667
2481,2022-02-04 07:14:22am,2022-02-04 07:27:24am,neutral,85429133,13.033333333333
2461,2022-02-04 07:06:29am,2022-02-04 07:28:27am,neutral,85214229,21.966666666667
2469,2022-02-04 07:10:47am,2022-02-04 07:28:37am,neutral,33200177,17.833333333333
2475,2022-02-04 07:13:19am,2022-02-04 07:29:52am,neutral,37999068,16.55
2467,2022-02-04 07:10:53am,2022-02-04 07:30:41am,neutral,47228930,19.8
2437,2022-02-04 06:58:07am,2022-02-04 07:31:19am,neutral,97178865,33.2
2476,2022-02-04 07:13:03am,2022-02-04 07:32:53am,neutral,76918516,19.833333333333
2509,2022-02-04 07:28:54am,2022-02-04 07:36:10am,neutral,98321134,7.2666666666667
2498,2022-02-04 07:25:45am,2022-02-04 07:37:19am,neutral,30355264,11.566666666667
2512,2022-02-04 07:33:46am,2022-02-04 07:38:11am,neutral,80436830,4.4166666666667
2474,2022-02-04 07:11:33am,2022-02-04 07:38:52am,neutral,07736522,27.316666666667
2515,2022-02-04 07:34:57am,2022-02-04 07:41:12am,neutral,13937929,6.25
2502,2022-02-04 07:25:24am,2022-02-04 07:43:37am,neutral,51211479,18.216666666667
2459,2022-02-04 07:04:26am,2022-02-04 07:43:48am,neutral,76660651,39.366666666667
2505,2022-02-04 07:30:04am,2022-02-04 07:44:09am,neutral,47163045,14.083333333333
2495,2022-02-04 07:25:08am,2022-02-04 07:44:40am,neutral,33824431,19.533333333333
2522,2022-02-04 07:37:41am,2022-02-04 07:47:23am,neutral,20529609,9.7
2533,2022-02-04 07:45:07am,2022-02-04 07:47:31am,neutral,22555207,2.4
2521,2022-02-04 07:37:07am,2022-02-04 07:47:38am,neutral,58390559,10.516666666667
2496,2022-02-04 07:25:52am,2022-02-04 07:48:26am,neutral,70206845,22.566666666667
2531,2022-02-04 07:43:48am,2022-02-04 07:48:43am,neutral,35076795,4.9166666666667
2518,2022-02-04 07:36:49am,2022-02-04 07:48:54am,neutral,45872485,12.083333333333
2520,2022-02-04 07:37:16am,2022-02-04 07:49:23am,neutral,51556904,12.116666666667
2530,2022-02-04 07:42:19am,2022-02-04 07:51:19am,neutral,47114607,9
2527,2022-02-04 07:40:30am,2022-02-04 07:51:59am,neutral,63701178,11.483333333333
2488,2022-02-04 07:16:18am,2022-02-04 07:55:20am,neutral,57123433,39.033333333333
2538,2022-02-04 07:50:03am,2022-02-04 07:55:21am,neutral,00469560,5.3
2539,2022-02-04 07:50:30am,2022-02-04 08:04:41am,neutral,09209852,14.183333333333
2547,2022-02-04 07:58:34am,2022-02-04 08:06:32am,neutral,14273283,7.9666666666667
2548,2022-02-04 07:58:40am,2022-02-04 08:07:11am,neutral,73304541,8.5166666666667
2537,2022-02-04 07:49:06am,2022-02-04 08:07:16am,neutral,91836083,18.166666666667
2553,2022-02-04 07:52:08am,2022-02-04 08:08:18am,neutral,02513384,16.166666666667
2561,2022-02-04 08:02:59am,2022-02-04 08:09:44am,neutral,87629655,6.75
2551,2022-02-04 08:00:11am,2022-02-04 08:10:21am,neutral,24908530,10.166666666667
2560,2022-02-04 08:01:51am,2022-02-04 08:10:37am,neutral,73794888,8.7666666666667
2550,2022-02-04 08:00:20am,2022-02-04 08:10:50am,neutral,50932858,10.5
2552,2022-02-04 08:00:20am,2022-02-04 08:11:34am,neutral,48043591,11.233333333333
2557,2022-02-04 08:01:37am,2022-02-04 08:13:06am,neutral,61107794,11.483333333333
2569,2022-02-04 08:05:52am,2022-02-04 08:14:26am,neutral,42400331,8.5666666666667
2566,2022-02-04 08:05:07am,2022-02-04 08:14:43am,neutral,13309119,9.6
2546,2022-02-04 07:58:00am,2022-02-04 08:15:39am,neutral,54890647,17.65
2525,2022-02-04 07:39:20am,2022-02-04 08:15:49am,neutral,31252910,36.483333333333
2579,2022-02-04 08:10:59am,2022-02-04 08:17:37am,neutral,84177105,6.6333333333333
2558,2022-02-04 08:01:59am,2022-02-04 08:19:45am,neutral,47756172,17.766666666667
2544,2022-02-04 07:57:44am,2022-02-04 08:20:31am,neutral,16341153,22.783333333333
2545,2022-02-04 07:55:51am,2022-02-04 08:22:14am,neutral,42300675,26.383333333333
2588,2022-02-04 08:14:29am,2022-02-04 08:22:36am,neutral,73694171,8.1166666666667
2584,2022-02-04 08:13:10am,2022-02-04 08:23:48am,neutral,13596109,10.633333333333
2582,2022-02-04 08:12:40am,2022-02-04 08:24:18am,neutral,53283912,11.633333333333
2593,2022-02-04 08:15:44am,2022-02-04 08:26:54am,neutral,64744136,11.166666666667
2587,2022-02-04 08:13:25am,2022-02-04 08:27:59am,neutral,84566300,14.566666666667
2597,2022-02-04 08:16:56am,2022-02-04 08:28:44am,neutral,47142610,11.8
2601,2022-02-04 08:18:49am,2022-02-04 08:29:09am,neutral,88407227,10.333333333333
2583,2022-02-04 08:12:57am,2022-02-04 08:30:52am,neutral,99906450,17.916666666667
2575,2022-02-04 07:58:43am,2022-02-04 08:31:58am,neutral,43629103,33.25
2607,2022-02-04 08:19:39am,2022-02-04 08:33:08am,neutral,80791469,13.483333333333
2618,2022-02-04 08:25:32am,2022-02-04 08:34:56am,neutral,74103311,9.4
2614,2022-02-04 08:23:35am,2022-02-04 08:36:02am,neutral,67775871,12.45
2629,2022-02-04 08:30:53am,2022-02-04 08:36:45am,neutral,07602680,5.8666666666667
2577,2022-02-04 08:09:59am,2022-02-04 08:38:00am,neutral,70936472,28.016666666667
2639,2022-02-04 08:34:19am,2022-02-04 08:38:32am,neutral,11961455,4.2166666666667
2624,2022-02-04 08:27:24am,2022-02-04 08:42:11am,neutral,71328775,14.783333333333
2644,2022-02-04 08:34:27am,2022-02-04 08:43:02am,neutral,81895839,8.5833333333333
2650,2022-02-04 08:38:18am,2022-02-04 08:43:34am,neutral,16218755,5.2666666666667
2632,2022-02-04 08:31:39am,2022-02-04 08:43:39am,neutral,64603365,12
2620,2022-02-04 08:25:51am,2022-02-04 08:44:14am,neutral,08149499,18.383333333333
2643,2022-02-04 08:36:02am,2022-02-04 08:44:20am,neutral,37402385,8.3
2638,2022-02-04 08:33:47am,2022-02-04 08:44:33am,neutral,52753413,10.766666666667
2608,2022-02-04 08:20:57am,2022-02-04 08:44:48am,neutral,75122513,23.85
2640,2022-02-04 08:33:59am,2022-02-04 08:44:49am,neutral,36927358,10.833333333333
2645,2022-02-04 08:36:37am,2022-02-04 08:46:00am,neutral,11393015,9.3833333333333009
2652,2022-02-04 08:40:07am,2022-02-04 08:47:09am,neutral,64224145,7.0333333333333
2615,2022-02-04 08:24:28am,2022-02-04 08:47:24am,neutral,71606046,22.933333333333
2634,2022-02-04 08:32:03am,2022-02-04 08:48:39am,neutral,91581353,16.6
2665,2022-02-04 08:40:22am,2022-02-04 08:49:25am,neutral,31752628,9.05
2657,2022-02-04 08:41:50am,2022-02-04 08:49:58am,neutral,00456225,8.1333333333333009
2649,2022-02-04 08:37:33am,2022-02-04 08:51:16am,neutral,63636527,13.716666666667
2653,2022-02-04 08:40:26am,2022-02-04 08:53:26am,neutral,22352214,13
2678,2022-02-04 08:49:31am,2022-02-04 08:54:15am,neutral,96337713,4.7333333333333
2666,2022-02-04 08:46:15am,2022-02-04 08:54:28am,neutral,16819564,8.2166666666667
2651,2022-02-04 08:38:30am,2022-02-04 08:54:38am,neutral,39640903,16.133333333333
2677,2022-02-04 08:49:21am,2022-02-04 08:55:35am,neutral,76300587,6.2333333333333
2617,2022-02-04 08:25:03am,2022-02-04 08:55:52am,neutral,45448866,30.816666666667
2664,2022-02-04 08:44:55am,2022-02-04 08:56:00am,neutral,86179552,11.083333333333
2672,2022-02-04 08:47:41am,2022-02-04 08:56:12am,neutral,40749098,8.5166666666667
2635,2022-02-04 08:32:11am,2022-02-04 08:56:44am,neutral,72647915,24.55
2674,2022-02-04 08:48:35am,2022-02-04 08:58:47am,neutral,42242611,10.2
2676,2022-02-04 08:48:38am,2022-02-04 08:59:10am,neutral,34906516,10.533333333333
2668,2022-02-04 08:46:01am,2022-02-04 09:00:04am,neutral,50080817,14.05
2687,2022-02-04 08:55:28am,2022-02-04 09:02:12am,neutral,89769995,6.7333333333333
2623,2022-02-04 08:26:29am,2022-02-04 09:02:43am,neutral,81531463,36.233333333333
2688,2022-02-04 08:56:05am,2022-02-04 09:04:03am,neutral,13882215,7.9666666666667
2686,2022-02-04 08:55:26am,2022-02-04 09:04:25am,neutral,56683864,8.9833333333333
2683,2022-02-04 08:52:24am,2022-02-04 09:08:06am,neutral,43857999,15.7
2696,2022-02-04 09:00:08am,2022-02-04 09:08:09am,neutral,04592798,8.0166666666667
2689,2022-02-04 08:55:46am,2022-02-04 09:09:52am,neutral,15938693,14.1
2694,2022-02-04 08:59:26am,2022-02-04 09:09:54am,neutral,75061584,10.466666666667
2701,2022-02-04 09:04:12am,2022-02-04 09:10:58am,neutral,24148965,6.7666666666667
2691,2022-02-04 08:52:30am,2022-02-04 09:11:08am,neutral,74670223,18.633333333333
2682,2022-02-04 08:51:01am,2022-02-04 09:11:51am,neutral,04817359,20.833333333333
2697,2022-02-04 09:00:31am,2022-02-04 09:12:45am,neutral,30799119,12.233333333333
2700,2022-02-04 09:03:54am,2022-02-04 09:18:02am,neutral,26119320,14.133333333333
2707,2022-02-04 09:07:45am,2022-02-04 09:18:57am,neutral,57205837,11.2
2719,2022-02-04 09:12:49am,2022-02-04 09:19:24am,neutral,43644825,6.5833333333333
2713,2022-02-04 09:10:36am,2022-02-04 09:19:33am,neutral,32180816,8.95
2690,2022-02-04 08:57:06am,2022-02-04 09:19:49am,neutral,02645073,22.716666666667
2702,2022-02-04 09:05:01am,2022-02-04 09:19:55am,neutral,01400492,14.9
2703,2022-02-04 09:04:41am,2022-02-04 09:19:59am,neutral,77510214,15.3
2698,2022-02-04 09:01:34am,2022-02-04 09:20:08am,neutral,75009244,18.566666666667
2716,2022-02-04 09:12:45am,2022-02-04 09:20:59am,neutral,43297213,8.2333333333333
2717,2022-02-04 09:14:40am,2022-02-04 09:21:36am,neutral,35649857,6.9333333333333
2721,2022-02-04 09:15:25am,2022-02-04 09:25:46am,neutral,25903091,10.35
2727,2022-02-04 09:20:39am,2022-02-04 09:28:58am,neutral,82924942,8.3166666666667
2725,2022-02-04 09:20:03am,2022-02-04 09:29:16am,neutral,13821089,9.2166666666667
2723,2022-02-04 09:17:57am,2022-02-04 09:29:46am,neutral,05224692,11.816666666667
2739,2022-02-04 09:28:39am,2022-02-04 09:31:27am,neutral,04078451,2.8
2732,2022-02-04 09:25:03am,2022-02-04 09:32:03am,neutral,22972859,7
2722,2022-02-04 09:15:48am,2022-02-04 09:33:09am,neutral,46042729,17.35
2733,2022-02-04 09:25:16am,2022-02-04 09:34:22am,neutral,67975111,9.1
2724,2022-02-04 09:19:09am,2022-02-04 09:34:28am,neutral,41652638,15.316666666667
2740,2022-02-04 09:29:53am,2022-02-04 09:34:34am,neutral,05992097,4.6833333333333
2734,2022-02-04 09:26:04am,2022-02-04 09:35:04am,neutral,92510431,9
2718,2022-02-04 09:14:17am,2022-02-04 09:35:29am,neutral,77899925,21.2
2742,2022-02-04 09:31:07am,2022-02-04 09:37:55am,neutral,33019541,6.8
2738,2022-02-04 09:28:19am,2022-02-04 09:38:02am,neutral,64506858,9.7166666666667
2735,2022-02-04 09:26:22am,2022-02-04 09:38:19am,neutral,04662566,11.95
2715,2022-02-04 09:12:56am,2022-02-04 09:39:53am,neutral,88790142,26.95
2745,2022-02-04 09:31:55am,2022-02-04 09:40:16am,neutral,57322825,8.35
2731,2022-02-04 09:24:30am,2022-02-04 09:40:41am,neutral,39838276,16.183333333333
2743,2022-02-04 09:30:41am,2022-02-04 09:41:41am,neutral,60220838,11
2756,2022-02-04 09:40:17am,2022-02-04 09:44:08am,neutral,97483591,3.85
2746,2022-02-04 09:33:29am,2022-02-04 09:44:14am,neutral,34189356,10.75
2737,2022-02-04 09:27:16am,2022-02-04 09:44:39am,neutral,98942771,17.383333333333
2750,2022-02-04 09:37:09am,2022-02-04 09:45:11am,neutral,54433303,8.0333333333333
2763,2022-02-04 09:42:45am,2022-02-04 09:48:20am,neutral,49215449,5.5833333333333
2748,2022-02-04 09:35:50am,2022-02-04 09:48:52am,neutral,77108251,13.033333333333
2767,2022-02-04 09:46:00am,2022-02-04 09:51:05am,neutral,09156052,5.0833333333333
2760,2022-02-04 09:41:46am,2022-02-04 09:51:20am,neutral,01569588,9.5666666666667
2757,2022-02-04 09:40:44am,2022-02-04 09:52:16am,neutral,51587566,11.533333333333
2769,2022-02-04 09:46:43am,2022-02-04 09:52:36am,neutral,62842518,5.8833333333333
2772,2022-02-04 09:48:14am,2022-02-04 09:53:39am,neutral,70444996,5.4166666666667
2730,2022-02-04 09:20:49am,2022-02-04 09:55:09am,neutral,58698752,34.333333333333
2755,2022-02-04 09:40:15am,2022-02-04 09:56:09am,neutral,52096620,15.9
2761,2022-02-04 09:41:36am,2022-02-04 09:57:49am,neutral,48981595,16.216666666667
2776,2022-02-04 09:50:12am,2022-02-04 09:57:49am,neutral,41970311,7.6166666666667
2752,2022-02-04 09:38:02am,2022-02-04 09:58:34am,neutral,90765454,20.533333333333
2766,2022-02-04 09:45:28am,2022-02-04 09:58:55am,neutral,28326878,13.45
2777,2022-02-04 09:50:44am,2022-02-04 10:01:12am,neutral,50585988,10.466666666667
2754,2022-02-04 09:39:02am,2022-02-04 10:01:34am,neutral,48772351,22.533333333333
2758,2022-02-04 09:40:42am,2022-02-04 10:02:42am,neutral,56464814,22
2780,2022-02-04 09:51:22am,2022-02-04 10:03:09am,neutral,12701143,11.783333333333
2773,2022-02-04 09:49:22am,2022-02-04 10:06:44am,neutral,89388989,17.366666666667
2771,2022-02-04 09:47:58am,2022-02-04 10:07:34am,neutral,46678723,19.6
2786,2022-02-04 09:57:33am,2022-02-04 10:08:25am,neutral,69430552,10.866666666667
2795,2022-02-04 10:03:26am,2022-02-04 10:11:08am,neutral,80464746,7.7
2794,2022-02-04 10:03:13am,2022-02-04 10:11:59am,neutral,62988741,8.7666666666667
2791,2022-02-04 10:00:18am,2022-02-04 10:13:24am,neutral,66853925,13.1
2789,2022-02-04 09:58:39am,2022-02-04 10:13:39am,neutral,04256754,15
2784,2022-02-04 09:56:05am,2022-02-04 10:16:19am,neutral,36737096,20.233333333333
2774,2022-02-04 09:48:08am,2022-02-04 10:18:19am,neutral,44800543,30.183333333333
2800,2022-02-04 10:07:48am,2022-02-04 10:18:32am,neutral,27530133,10.733333333333
2806,2022-02-04 10:17:07am,2022-02-04 10:21:46am,neutral,44322271,4.65
2801,2022-02-04 10:08:11am,2022-02-04 10:23:47am,neutral,46289555,15.6
2804,2022-02-04 10:13:12am,2022-02-04 10:26:05am,neutral,80636980,12.883333333333
2805,2022-02-04 10:15:18am,2022-02-04 10:26:13am,neutral,93053323,10.916666666667
2822,2022-02-04 10:30:02am,2022-02-04 10:35:06am,neutral,03537057,5.0666666666667
2809,2022-02-04 10:23:21am,2022-02-04 10:36:11am,neutral,13998725,12.833333333333
2814,2022-02-04 10:26:47am,2022-02-04 10:36:29am,neutral,17589441,9.7
2812,2022-02-04 10:25:51am,2022-02-04 10:36:42am,neutral,88049010,10.85
2818,2022-02-04 10:26:06am,2022-02-04 10:39:10am,neutral,56970325,13.066666666667
2810,2022-02-04 10:25:50am,2022-02-04 10:40:31am,neutral,51132707,14.683333333333
2824,2022-02-04 10:32:58am,2022-02-04 10:41:04am,neutral,85276856,8.1
2819,2022-02-04 10:28:27am,2022-02-04 10:41:53am,neutral,46491481,13.433333333333
2821,2022-02-04 10:30:12am,2022-02-04 10:41:57am,neutral,06109304,11.75
2825,2022-02-04 10:33:19am,2022-02-04 10:45:39am,neutral,20971163,12.333333333333
2836,2022-02-04 10:45:24am,2022-02-04 10:50:03am,neutral,33504655,4.65
2829,2022-02-04 10:24:42am,2022-02-04 10:51:04am,neutral,35117805,26.366666666667
2837,2022-02-04 10:45:44am,2022-02-04 10:51:47am,neutral,77179012,6.05
2820,2022-02-04 10:28:29am,2022-02-04 10:53:51am,neutral,87592740,25.366666666667
2841,2022-02-04 10:47:59am,2022-02-04 10:54:00am,neutral,01370410,6.0166666666667
2830,2022-02-04 10:41:41am,2022-02-04 10:54:25am,neutral,65005006,12.733333333333
2833,2022-02-04 10:43:11am,2022-02-04 10:55:32am,neutral,04470576,12.35
2835,2022-02-04 10:44:25am,2022-02-04 10:56:18am,neutral,18225547,11.883333333333
2826,2022-02-04 10:34:38am,2022-02-04 10:57:34am,neutral,48568930,22.933333333333
2832,2022-02-04 10:42:00am,2022-02-04 10:59:38am,neutral,13816700,17.633333333333
2827,2022-02-04 10:34:28am,2022-02-04 10:59:43am,neutral,15339628,25.25
2848,2022-02-04 10:52:03am,2022-02-04 11:01:56am,neutral,35872337,9.8833333333333009
2847,2022-02-04 10:51:40am,2022-02-04 11:04:56am,neutral,07321120,13.266666666667
2849,2022-02-04 10:54:41am,2022-02-04 11:06:40am,neutral,74278335,11.983333333333
2844,2022-02-04 10:47:41am,2022-02-04 11:07:27am,neutral,92655189,19.766666666667
2853,2022-02-04 10:58:09am,2022-02-04 11:08:55am,neutral,60349517,10.766666666667
2838,2022-02-04 10:46:06am,2022-02-04 11:10:26am,neutral,23918640,24.333333333333
2845,2022-02-04 10:50:49am,2022-02-04 11:13:00am,neutral,53429100,22.183333333333
2852,2022-02-04 10:57:33am,2022-02-04 11:14:46am,neutral,93202530,17.216666666667
2850,2022-02-04 10:54:04am,2022-02-04 11:17:24am,neutral,66373872,23.333333333333
2846,2022-02-04 10:48:41am,2022-02-04 11:18:32am,neutral,81722692,29.85
2859,2022-02-04 11:07:37am,2022-02-04 11:21:41am,neutral,30038789,14.066666666667
2864,2022-02-04 11:18:10am,2022-02-04 11:21:55am,neutral,81244261,3.75
2863,2022-02-04 11:17:50am,2022-02-04 11:27:38am,neutral,54903624,9.8
2860,2022-02-04 11:10:53am,2022-02-04 11:29:11am,neutral,84910288,18.3
2867,2022-02-04 11:22:40am,2022-02-04 11:30:32am,neutral,76974896,7.8666666666667
2866,2022-02-04 11:22:34am,2022-02-04 11:32:51am,neutral,98185157,10.283333333333
2870,2022-02-04 11:28:12am,2022-02-04 11:37:52am,neutral,76180390,9.6666666666667
2868,2022-02-04 11:26:48am,2022-02-04 11:39:52am,neutral,22451535,13.066666666667
2873,2022-02-04 11:32:37am,2022-02-04 11:43:42am,neutral,13206819,11.083333333333
2876,2022-02-04 11:42:38am,2022-02-04 11:47:27am,neutral,36804940,4.8166666666667
2875,2022-02-04 11:42:06am,2022-02-04 11:55:58am,neutral,53035895,13.866666666667
2877,2022-02-04 11:54:16am,2022-02-04 12:03:57pm,neutral,76697438,9.6833333333333
2878,2022-02-04 11:54:57am,2022-02-04 12:08:37pm,neutral,10609980,13.666666666667
2882,2022-02-04 12:12:22pm,2022-02-04 12:22:37pm,neutral,56184313,10.25
2880,2022-02-04 12:07:39pm,2022-02-04 12:23:48pm,neutral,60420353,16.15
2886,2022-02-04 12:17:07pm,2022-02-04 12:26:00pm,neutral,14519587,8.8833333333333009
2891,2022-02-04 12:23:42pm,2022-02-04 12:27:49pm,neutral,88040676,4.1166666666667
2879,2022-02-04 12:03:58pm,2022-02-04 12:28:05pm,neutral,45046444,24.116666666667
2884,2022-02-04 12:12:36pm,2022-02-04 12:28:10pm,neutral,53544639,15.566666666667
2883,2022-02-04 12:10:48pm,2022-02-04 12:29:31pm,neutral,41374437,18.716666666667
2888,2022-02-04 12:20:01pm,2022-02-04 12:30:06pm,neutral,64908023,10.083333333333
2889,2022-02-04 12:21:51pm,2022-02-04 12:32:11pm,neutral,82114009,10.333333333333
2894,2022-02-04 12:28:12pm,2022-02-04 12:38:36pm,neutral,07637894,10.4
2892,2022-02-04 12:24:53pm,2022-02-04 12:38:51pm,neutral,86942211,13.966666666667
2896,2022-02-04 12:28:29pm,2022-02-04 12:40:40pm,neutral,33288150,12.183333333333
2902,2022-02-04 12:37:20pm,2022-02-04 12:43:09pm,neutral,89076473,5.8166666666667
2897,2022-02-04 12:29:06pm,2022-02-04 12:43:53pm,neutral,50014086,14.783333333333
2901,2022-02-04 12:37:02pm,2022-02-04 12:44:12pm,neutral,51073876,7.1666666666667
2895,2022-02-04 12:28:16pm,2022-02-04 12:46:09pm,neutral,48668167,17.883333333333
2893,2022-02-04 12:26:04pm,2022-02-04 12:49:35pm,neutral,91389885,23.516666666667
2899,2022-02-04 12:36:25pm,2022-02-04 12:50:14pm,neutral,39141116,13.816666666667
2900,2022-02-04 12:36:34pm,2022-02-04 12:50:24pm,neutral,29956266,13.833333333333
2905,2022-02-04 12:40:28pm,2022-02-04 12:50:42pm,neutral,01516032,10.233333333333
2911,2022-02-04 12:47:29pm,2022-02-04 12:54:17pm,neutral,71122874,6.8
2906,2022-02-04 12:41:15pm,2022-02-04 12:55:06pm,neutral,95609376,13.85
2913,2022-02-04 12:49:36pm,2022-02-04 12:58:12pm,neutral,89996376,8.6
2915,2022-02-04 12:49:40pm,2022-02-04 12:59:44pm,neutral,10249461,10.066666666667
2914,2022-02-04 12:49:33pm,2022-02-04 01:00:56pm,neutral,04624213,11.383333333333
2909,2022-02-04 12:46:57pm,2022-02-04 01:01:39pm,neutral,23362981,14.7
2920,2022-02-04 12:59:30pm,2022-02-04 01:06:33pm,neutral,53132407,7.05
2921,2022-02-04 01:05:50pm,2022-02-04 01:17:52pm,neutral,16470658,12.033333333333
2918,2022-02-04 12:55:26pm,2022-02-04 01:23:42pm,neutral,47210501,28.266666666667
2923,2022-02-04 01:13:11pm,2022-02-04 01:27:11pm,neutral,23205002,14
2929,2022-02-04 01:29:02pm,2022-02-04 01:31:18pm,neutral,81402848,2.2666666666667
2930,2022-02-04 01:29:34pm,2022-02-04 01:38:43pm,neutral,03343417,9.15
2936,2022-02-04 01:51:21pm,2022-02-04 02:00:16pm,neutral,16695442,8.9166666666667
2937,2022-02-04 01:55:14pm,2022-02-04 02:01:03pm,neutral,61031926,5.8166666666667
2938,2022-02-04 01:58:40pm,2022-02-04 02:08:53pm,neutral,61294618,10.216666666667
2939,2022-02-04 02:03:52pm,2022-02-04 02:10:26pm,neutral,53065679,6.5666666666667
2940,2022-02-04 02:04:18pm,2022-02-04 02:18:40pm,neutral,87217539,14.366666666667
2944,2022-02-04 02:11:44pm,2022-02-04 02:22:53pm,neutral,16171301,11.15
2935,2022-02-04 01:51:14pm,2022-02-04 02:23:13pm,neutral,62357255,31.983333333333
2943,2022-02-04 02:08:50pm,2022-02-04 02:37:09pm,neutral,65620618,28.316666666667
2946,2022-02-04 02:23:43pm,2022-02-04 02:41:04pm,neutral,44647067,17.35
2947,2022-02-04 02:38:14pm,2022-02-04 02:48:55pm,neutral,77119737,10.683333333333
2952,2022-02-04 03:10:57pm,2022-02-04 03:16:18pm,neutral,57308692,5.35
2951,2022-02-04 03:06:38pm,2022-02-04 03:22:36pm,neutral,89922289,15.966666666667
2953,2022-02-04 03:14:49pm,2022-02-04 03:27:07pm,neutral,18192886,12.3
2956,2022-02-04 03:24:24pm,2022-02-04 03:34:14pm,neutral,08786703,9.8333333333333
2955,2022-02-04 03:23:51pm,2022-02-04 03:35:41pm,neutral,17705046,11.833333333333
2960,2022-02-04 03:31:17pm,2022-02-04 03:39:40pm,neutral,71454355,8.3833333333333009
2961,2022-02-04 03:38:49pm,2022-02-04 03:47:43pm,neutral,93765783,8.9
2965,2022-02-04 03:59:08pm,2022-02-04 04:07:39pm,neutral,04250954,8.5166666666667
2966,2022-02-04 04:09:02pm,2022-02-04 04:14:56pm,neutral,09464073,5.9
2967,2022-02-04 04:09:26pm,2022-02-04 04:15:53pm,neutral,40545719,6.45
2969,2022-02-04 04:11:43pm,2022-02-04 04:18:49pm,neutral,20181867,7.1
2968,2022-02-04 04:11:32pm,2022-02-04 04:23:08pm,neutral,34512403,11.6
2971,2022-02-04 04:14:36pm,2022-02-04 04:25:55pm,neutral,76877741,11.316666666667
2975,2022-02-04 04:26:29pm,2022-02-04 04:33:49pm,neutral,43235044,7.3333333333333
2980,2022-02-04 04:38:46pm,2022-02-04 04:46:36pm,neutral,90820231,7.8333333333333
2981,2022-02-04 04:41:08pm,2022-02-04 04:50:44pm,neutral,65612381,9.6
2982,2022-02-04 04:42:42pm,2022-02-04 04:54:38pm,neutral,98403773,11.933333333333
2983,2022-02-04 04:51:46pm,2022-02-04 05:02:45pm,neutral,75741584,10.983333333333
2984,2022-02-04 04:53:51pm,2022-02-04 05:05:22pm,neutral,47244352,11.516666666667
2985,2022-02-04 04:56:32pm,2022-02-04 05:09:15pm,neutral,31709900,12.716666666667
2989,2022-02-04 05:16:46pm,2022-02-04 05:26:21pm,neutral,58294137,9.5833333333333
2995,2022-02-04 05:39:01pm,2022-02-04 05:42:49pm,neutral,32065946,3.8
2996,2022-02-04 05:42:02pm,2022-02-04 05:52:02pm,neutral,00918403,10
2997,2022-02-04 05:45:28pm,2022-02-04 05:55:31pm,neutral,87828093,10.05
3001,2022-02-04 05:59:08pm,2022-02-04 06:02:32pm,neutral,34703248,3.4
3005,2022-02-04 06:04:03pm,2022-02-04 06:09:26pm,neutral,03430221,5.3833333333333
3006,2022-02-04 06:06:58pm,2022-02-04 06:22:40pm,neutral,76447155,15.7
3009,2022-02-04 06:15:18pm,2022-02-04 06:25:32pm,neutral,36216350,10.233333333333
3014,2022-02-04 06:23:30pm,2022-02-04 06:28:24pm,neutral,09169389,4.9
3011,2022-02-04 06:16:10pm,2022-02-04 06:31:14pm,neutral,44394936,15.066666666667
3018,2022-02-04 06:32:35pm,2022-02-04 06:44:39pm,neutral,06187610,12.066666666667
3020,2022-02-04 06:35:55pm,2022-02-04 06:44:47pm,neutral,88473353,8.8666666666667
3021,2022-02-04 06:37:31pm,2022-02-04 06:46:00pm,neutral,60189909,8.4833333333333
3010,2022-02-04 06:15:41pm,2022-02-04 06:47:28pm,neutral,87313735,31.783333333333
3015,2022-02-04 06:23:17pm,2022-02-04 06:56:29pm,neutral,46659484,33.2
3024,2022-02-04 06:50:30pm,2022-02-04 07:01:18pm,neutral,39622424,10.8
3025,2022-02-04 06:53:09pm,2022-02-04 07:02:46pm,neutral,12597518,9.6166666666667
3029,2022-02-04 07:00:08pm,2022-02-04 07:04:26pm,neutral,54415882,4.3
3033,2022-02-04 07:04:41pm,2022-02-04 07:15:01pm,neutral,07159854,10.333333333333
3034,2022-02-04 07:09:45pm,2022-02-04 07:15:21pm,neutral,26585038,5.6
3035,2022-02-04 07:12:16pm,2022-02-04 07:21:15pm,neutral,02315060,8.9833333333333
3039,2022-02-04 07:16:39pm,2022-02-04 07:21:36pm,neutral,50887368,4.95
3041,2022-02-04 07:17:58pm,2022-02-04 07:25:02pm,neutral,84374278,7.0666666666667
3040,2022-02-04 07:17:24pm,2022-02-04 07:25:30pm,neutral,74296825,8.1
3038,2022-02-04 07:14:23pm,2022-02-04 07:30:13pm,neutral,31951530,15.833333333333
3037,2022-02-04 07:13:33pm,2022-02-04 07:31:34pm,neutral,62218165,18.016666666667
3044,2022-02-04 07:22:53pm,2022-02-04 07:40:30pm,neutral,39420236,17.616666666667
3050,2022-02-04 07:41:50pm,2022-02-04 07:49:09pm,neutral,11586814,7.3166666666667
3049,2022-02-04 07:35:46pm,2022-02-04 07:56:06pm,neutral,44323174,20.333333333333
3053,2022-02-04 07:56:34pm,2022-02-04 08:11:36pm,neutral,56922479,15.033333333333
3057,2022-02-04 08:06:28pm,2022-02-04 08:20:02pm,neutral,06824743,13.566666666667
3062,2022-02-04 08:18:53pm,2022-02-04 08:22:45pm,neutral,01325009,3.8666666666667
3060,2022-02-04 08:15:59pm,2022-02-04 08:27:41pm,neutral,66768921,11.7
3058,2022-02-04 08:10:08pm,2022-02-04 08:31:44pm,neutral,93288132,21.6
3064,2022-02-04 08:28:13pm,2022-02-04 08:38:11pm,neutral,89399938,9.9666666666667
3055,2022-02-04 08:04:12pm,2022-02-04 08:38:58pm,neutral,72622270,34.766666666667
3065,2022-02-04 08:29:09pm,2022-02-04 08:41:07pm,neutral,55364277,11.966666666667
3070,2022-02-04 08:35:12pm,2022-02-04 08:48:51pm,neutral,92898739,13.65
3071,2022-02-04 08:35:17pm,2022-02-04 08:51:29pm,neutral,83083556,16.2
3078,2022-02-04 08:48:00pm,2022-02-04 08:52:24pm,neutral,20096072,4.4
3079,2022-02-04 08:48:51pm,2022-02-04 08:55:47pm,neutral,71940520,6.9333333333333
3073,2022-02-04 08:36:35pm,2022-02-04 08:57:11pm,neutral,12531073,20.6
3080,2022-02-04 08:49:39pm,2022-02-04 09:04:46pm,neutral,28714925,15.116666666667
3074,2022-02-04 08:39:15pm,2022-02-04 09:06:19pm,neutral,73210786,27.066666666667
3076,2022-02-04 08:46:34pm,2022-02-04 09:07:09pm,neutral,85749886,20.583333333333
3085,2022-02-04 08:59:04pm,2022-02-04 09:12:06pm,neutral,55227340,13.033333333333
3083,2022-02-04 08:57:42pm,2022-02-04 09:16:15pm,neutral,39829852,18.55
3095,2022-02-04 09:11:31pm,2022-02-04 09:16:32pm,neutral,49503026,5.0166666666667
3093,2022-02-04 09:09:29pm,2022-02-04 09:16:56pm,neutral,27084864,7.45
3087,2022-02-04 09:00:06pm,2022-02-04 09:17:04pm,neutral,47801981,16.966666666667
3094,2022-02-04 09:10:26pm,2022-02-04 09:17:11pm,neutral,27239835,6.75
3089,2022-02-04 09:05:04pm,2022-02-04 09:17:18pm,neutral,20503349,12.233333333333
3091,2022-02-04 09:07:47pm,2022-02-04 09:18:34pm,neutral,26682030,10.783333333333
3081,2022-02-04 08:50:54pm,2022-02-04 09:24:13pm,neutral,88911485,33.316666666667
3077,2022-02-04 08:46:19pm,2022-02-04 09:24:50pm,neutral,89042599,38.516666666667
3096,2022-02-04 09:15:47pm,2022-02-04 09:27:46pm,neutral,74868583,11.983333333333
3090,2022-02-04 09:07:14pm,2022-02-04 09:29:09pm,neutral,14526910,21.916666666667
3084,2022-02-04 08:57:27pm,2022-02-04 09:34:19pm,neutral,87347336,36.866666666667
3102,2022-02-04 09:31:31pm,2022-02-04 09:38:34pm,neutral,39911644,7.05
3100,2022-02-04 09:28:39pm,2022-02-04 09:44:09pm,neutral,70554292,15.5
3106,2022-02-04 09:45:18pm,2022-02-04 09:59:44pm,neutral,04406392,14.433333333333
3112,2022-02-04 09:57:50pm,2022-02-04 10:05:11pm,neutral,65509341,7.35
3111,2022-02-04 09:54:07pm,2022-02-04 10:09:29pm,neutral,58451975,15.366666666667
3120,2022-02-04 10:02:32pm,2022-02-04 10:12:35pm,neutral,23483351,10.05
3121,2022-02-04 10:02:35pm,2022-02-04 10:18:47pm,neutral,55314668,16.2
3131,2022-02-04 10:29:47pm,2022-02-04 10:41:53pm,neutral,95083534,12.1
3133,2022-02-04 10:51:37pm,2022-02-04 10:59:50pm,neutral,31423190,8.2166666666667
3137,2022-02-04 11:27:40pm,2022-02-04 11:44:26pm,neutral,62637029,16.766666666667
3136,2022-02-04 11:20:29pm,2022-02-04 11:47:46pm,neutral,33861598,27.283333333333
3141,2022-02-04 11:39:50pm,2022-02-04 11:54:39pm,neutral,33360929,14.816666666667
3142,2022-02-04 11:58:13pm,2022-02-05 12:01:26am,neutral,02290281,3.2166666666667
3143,2022-02-05 12:06:29am,2022-02-05 12:11:50am,neutral,63247170,5.35
3146,2022-02-05 01:06:16am,2022-02-05 01:19:21am,neutral,51930407,13.083333333333
3148,2022-02-05 01:24:39am,2022-02-05 01:27:38am,neutral,18343573,2.9833333333333
3149,2022-02-05 01:26:30am,2022-02-05 02:10:32am,neutral,57184974,44.033333333333
3154,2022-02-05 02:20:50am,2022-02-05 02:27:39am,neutral,33250718,6.8166666666667
3155,2022-02-05 02:34:47am,2022-02-05 02:39:02am,neutral,07672647,4.25
3156,2022-02-05 02:38:55am,2022-02-05 03:12:22am,neutral,28567878,33.45
3163,2022-02-05 03:51:13am,2022-02-05 03:59:30am,neutral,07275725,8.2833333333333
3161,2022-02-05 03:46:16am,2022-02-05 03:59:41am,neutral,70223313,13.416666666667
3162,2022-02-05 03:47:28am,2022-02-05 04:10:22am,neutral,01214264,22.9
3167,2022-02-05 04:21:41am,2022-02-05 04:27:18am,neutral,44866673,5.6166666666667
3168,2022-02-05 04:46:02am,2022-02-05 05:02:11am,neutral,02853301,16.15
3173,2022-02-05 05:20:50am,2022-02-05 05:30:19am,neutral,40059520,9.4833333333333
3174,2022-02-05 05:20:15am,2022-02-05 05:40:00am,neutral,06574581,19.75
3181,2022-02-05 05:41:40am,2022-02-05 05:50:12am,neutral,75679153,8.5333333333333
3183,NA,2022-02-05 05:50:19am,neutral,90995093,27401150.316667
3185,2022-02-05 06:00:15am,2022-02-05 06:07:46am,neutral,38877346,7.5166666666667
3184,2022-02-05 05:54:41am,2022-02-05 06:25:20am,neutral,64401807,30.65
3190,2022-02-05 06:21:40am,2022-02-05 06:28:39am,neutral,51283415,6.9833333333333
3187,2022-02-05 06:12:20am,2022-02-05 06:31:31am,neutral,57876357,19.183333333333
3199,2022-02-05 06:42:11am,2022-02-05 06:53:44am,neutral,57544351,11.55
3195,2022-02-05 06:33:34am,2022-02-05 06:55:11am,neutral,92857874,21.616666666667
3191,2022-02-05 06:30:56am,2022-02-05 06:55:34am,neutral,87965550,24.633333333333
3198,2022-02-05 06:39:07am,2022-02-05 06:56:03am,neutral,18304300,16.933333333333
3200,2022-02-05 06:42:10am,2022-02-05 06:58:04am,neutral,58112936,15.9
3205,2022-02-05 06:50:24am,2022-02-05 07:09:00am,neutral,66547513,18.6
3207,2022-02-05 06:54:53am,2022-02-05 07:28:57am,neutral,39789775,34.066666666667
3211,2022-02-05 07:14:48am,2022-02-05 07:48:59am,neutral,70821808,34.183333333333
3214,2022-02-05 07:48:53am,2022-02-05 07:58:59am,neutral,10179851,10.1
3216,2022-02-05 07:52:57am,2022-02-05 07:59:15am,neutral,57821388,6.3
3218,2022-02-05 07:54:32am,2022-02-05 08:00:00am,neutral,91404342,5.4666666666667
3220,2022-02-05 07:56:13am,2022-02-05 08:03:52am,neutral,23506089,7.65
3215,2022-02-05 07:50:28am,2022-02-05 08:04:11am,neutral,40901896,13.716666666667
3217,2022-02-05 07:54:05am,2022-02-05 08:08:50am,neutral,87878272,14.75
3221,2022-02-05 07:58:43am,2022-02-05 08:09:24am,neutral,11383219,10.683333333333
3223,2022-02-05 08:07:18am,2022-02-05 08:21:04am,neutral,00674402,13.766666666667
3225,2022-02-05 08:11:55am,2022-02-05 08:29:57am,neutral,60162495,18.033333333333
3228,2022-02-05 08:19:58am,2022-02-05 08:30:02am,neutral,25505753,10.066666666667
3232,2022-02-05 08:25:18am,2022-02-05 08:35:14am,neutral,53881042,9.9333333333333
3233,2022-02-05 08:31:56am,2022-02-05 08:41:31am,neutral,59993486,9.5833333333333
3231,2022-02-05 08:22:36am,2022-02-05 08:47:43am,neutral,68494932,25.116666666667
3239,2022-02-05 08:54:32am,2022-02-05 09:15:49am,neutral,16793057,21.283333333333
3242,2022-02-05 09:07:30am,2022-02-05 09:18:17am,neutral,06882282,10.783333333333
3241,2022-02-05 08:56:45am,2022-02-05 09:19:36am,neutral,76224825,22.85
3243,2022-02-05 09:12:55am,2022-02-05 09:21:21am,neutral,50996738,8.4333333333333
3245,2022-02-05 09:20:12am,2022-02-05 09:41:05am,neutral,54876491,20.883333333333
3246,2022-02-05 09:26:44am,2022-02-05 09:42:54am,neutral,37871015,16.166666666667
3250,2022-02-05 09:41:17am,2022-02-05 09:50:41am,neutral,12186381,9.4
3249,2022-02-05 09:40:49am,2022-02-05 09:53:00am,neutral,06340268,12.183333333333
3248,2022-02-05 09:39:40am,2022-02-05 09:55:34am,neutral,02356350,15.9
3252,2022-02-05 09:44:23am,2022-02-05 09:57:27am,neutral,84639101,13.066666666667
3255,2022-02-05 09:52:57am,2022-02-05 10:01:31am,neutral,19153730,8.5666666666667
3256,2022-02-05 09:56:20am,2022-02-05 10:09:34am,neutral,63349131,13.233333333333
3253,2022-02-05 09:51:27am,2022-02-05 10:11:29am,neutral,44016728,20.033333333333
3257,2022-02-05 09:58:38am,2022-02-05 10:17:59am,neutral,68751848,19.35
3261,2022-02-05 10:19:30am,2022-02-05 10:30:29am,neutral,20422496,10.983333333333
3260,2022-02-05 10:17:45am,2022-02-05 10:31:58am,neutral,35187907,14.216666666667
3262,2022-02-05 10:23:10am,2022-02-05 10:39:31am,neutral,18608967,16.35
3266,2022-02-05 10:32:17am,2022-02-05 10:41:26am,neutral,52487559,9.15
3267,2022-02-05 10:33:27am,2022-02-05 10:42:58am,neutral,56747155,9.5166666666667
3268,2022-02-05 10:34:44am,2022-02-05 10:45:06am,neutral,56678847,10.366666666667
3269,2022-02-05 10:40:06am,2022-02-05 10:50:36am,neutral,05639537,10.5
3270,2022-02-05 10:53:56am,2022-02-05 11:08:15am,neutral,53804130,14.316666666667
3271,2022-02-05 10:55:52am,2022-02-05 11:09:55am,neutral,18813652,14.05
3273,2022-02-05 11:07:10am,2022-02-05 11:15:50am,neutral,25496501,8.6666666666667
3274,2022-02-05 11:08:17am,2022-02-05 11:19:29am,neutral,62234444,11.2
3275,2022-02-05 11:11:12am,2022-02-05 11:25:16am,neutral,11593087,14.066666666667
3279,2022-02-05 11:21:43am,2022-02-05 11:28:10am,neutral,02493063,6.45
3278,2022-02-05 11:21:06am,2022-02-05 11:39:31am,neutral,44488472,18.416666666667
3280,2022-02-05 11:20:21am,2022-02-05 11:39:37am,neutral,55471926,19.266666666667
3283,2022-02-05 11:40:49am,2022-02-05 11:54:05am,neutral,62239630,13.266666666667
3286,2022-02-05 11:43:43am,2022-02-05 11:55:18am,neutral,96522284,11.583333333333
3285,2022-02-05 11:42:55am,2022-02-05 12:05:55pm,neutral,24098477,23
3281,2022-02-05 11:36:46am,2022-02-05 12:07:43pm,neutral,42890294,30.95
3288,2022-02-05 11:49:02am,2022-02-05 12:10:28pm,neutral,17467275,21.433333333333
3290,2022-02-05 12:04:04pm,2022-02-05 12:10:39pm,neutral,05342849,6.5833333333333
3289,2022-02-05 11:57:22am,2022-02-05 12:12:40pm,neutral,47690145,15.3
3295,2022-02-05 12:13:13pm,2022-02-05 12:20:46pm,neutral,46161414,7.55
3297,2022-02-05 12:17:18pm,2022-02-05 12:32:49pm,neutral,55663227,15.516666666667
3299,2022-02-05 12:26:23pm,2022-02-05 12:38:43pm,neutral,23203362,12.333333333333
3300,2022-02-05 12:40:04pm,2022-02-05 12:54:43pm,neutral,87226142,14.65
3304,2022-02-05 01:21:54pm,2022-02-05 01:29:03pm,neutral,84657147,7.15
3307,2022-02-05 01:30:29pm,2022-02-05 01:38:00pm,neutral,44960047,7.5166666666667
3308,2022-02-05 01:34:31pm,2022-02-05 01:47:32pm,neutral,68801227,13.016666666667
3311,2022-02-05 01:49:34pm,2022-02-05 01:58:23pm,neutral,23108266,8.8166666666667
3310,2022-02-05 01:46:39pm,2022-02-05 01:59:14pm,neutral,97473764,12.583333333333
3312,2022-02-05 01:56:07pm,2022-02-05 02:14:57pm,neutral,16218209,18.833333333333
3313,2022-02-05 02:12:23pm,2022-02-05 02:23:37pm,neutral,98516116,11.233333333333
3315,2022-02-05 02:25:55pm,2022-02-05 02:36:11pm,neutral,95167825,10.266666666667
3316,2022-02-05 02:31:15pm,2022-02-05 02:36:15pm,neutral,38309445,5
3319,2022-02-05 02:42:08pm,2022-02-05 02:45:12pm,neutral,06634558,3.0666666666667
3317,2022-02-05 02:36:01pm,2022-02-05 02:55:50pm,neutral,59606454,19.816666666667
3320,2022-02-05 02:49:22pm,2022-02-05 02:57:00pm,neutral,52684975,7.6333333333333
3322,2022-02-05 02:56:04pm,2022-02-05 03:12:50pm,neutral,30280525,16.766666666667
3324,2022-02-05 03:11:10pm,2022-02-05 03:21:25pm,neutral,69163741,10.25
3328,2022-02-05 03:21:01pm,2022-02-05 03:28:32pm,neutral,96254339,7.5166666666667
3329,2022-02-05 03:21:41pm,2022-02-05 03:30:32pm,neutral,81522388,8.85
3331,2022-02-05 03:24:56pm,2022-02-05 03:36:02pm,neutral,79976148,11.1
3332,2022-02-05 03:32:49pm,2022-02-05 03:42:42pm,neutral,69322207,9.8833333333333009
3333,2022-02-05 03:32:49pm,2022-02-05 03:53:09pm,neutral,33052836,20.333333333333
3338,2022-02-05 03:43:23pm,2022-02-05 04:02:43pm,neutral,82491781,19.333333333333
3339,2022-02-05 03:50:15pm,2022-02-05 04:10:43pm,neutral,29553478,20.466666666667
3340,2022-02-05 04:04:51pm,2022-02-05 04:15:43pm,neutral,83976776,10.866666666667
3344,2022-02-05 04:13:01pm,2022-02-05 04:21:33pm,neutral,46992369,8.5333333333333
3337,2022-02-05 03:41:04pm,2022-02-05 04:32:30pm,neutral,36337689,51.433333333333
3346,2022-02-05 04:28:26pm,2022-02-05 04:40:04pm,neutral,28751620,11.633333333333
3350,2022-02-05 04:56:06pm,2022-02-05 04:59:46pm,neutral,43654350,3.6666666666667
3348,2022-02-05 04:51:40pm,2022-02-05 05:00:08pm,neutral,15712445,8.4666666666667
3351,2022-02-05 04:57:38pm,2022-02-05 05:05:05pm,neutral,05022640,7.45
3353,2022-02-05 05:15:02pm,2022-02-05 05:24:00pm,neutral,74197860,8.9666666666667
3352,2022-02-05 05:12:07pm,2022-02-05 05:30:25pm,neutral,45441268,18.3
3354,2022-02-05 05:41:29pm,2022-02-05 05:51:58pm,neutral,92756623,10.483333333333
3356,2022-02-05 05:49:10pm,2022-02-05 06:00:40pm,neutral,48660469,11.5
